id,status,proof_bucket,requirement,evidence,next_action
top_five_niche_areas_clear,proven_current,repo_artifact,Proceed only once the top five niche areas are clear.,market_niche_evidence_validation_ready_not_buyer_validated; niches=5/5; buyer_safe_pilot_claim_allowed=true.,Keep these five niches as the working commercial thesis until buyer evidence changes the ranking.
repo_first_deep_codebase_audit,proven_current,repo_artifact,Inspect the real codebase closely before conclusions.,"78 local proof entries, 129 repo-artifact entries, 38 launch-readiness source artifacts referenced by the confidence gate.",Continue treating full source/runtime checks as lane-specific proof; avoid claiming every source line is fully audited.
current_internet_best_practice_research,proven_current,repo_artifact,Use current internet-backed best practices and scientific frameworks.,"Source anchors: market=13, competitive=14, forecast=7, enterprise=6, hosted=6; total=46. Source freshness=external_source_freshness_needs_title_review; checked=57/57; reachable=50; access_limited=7; broken=0.","Refresh source anchors when market, forecasting, AI security, or hosted-proof standards change."
marketability_sellability_uniqueness,blocked_owner_or_external_evidence,repo_artifact,"Identify unique, marketable, sellable strengths versus market gaps.",competitive_positioning_validation_ready_pilot_only_not_buyer_validated; defensible_competitive_wedge_claim_allowed=true; pilot_package_status=pilot_package_ready_for_owner_review_not_external_share; package_ready_for_owner_review=true; external_share_ready=false; selected_top_five=5/5; buyer_validated_claim_allowed=false; substitution_evidence_status=buyer_substitution_evidence_validation_ready_no_real_calls; substitution_evidence_ready=false; real_substitution_interactions=0.,Run owner-approved discovery calls and validate real buyer signals.
buyer_validation_and_willingness_to_pay,blocked_owner_or_external_evidence,owner_input,"Verify sellability with buyer evidence, not desk research alone.",buyer_validation_execution_ready_no_real_calls; selected targets=10; completed calls=0; valid outcome-capture rows=0; qualified followups=0; paid/LOI/procurement signals=0; substitution validation=buyer_substitution_evidence_validation_ready_no_real_calls; substitution completed calls=0; substitution niches=0; substitution commitment signals=0; owner approvals=0/14.,"Owner completes the 10-call validation loop with outcome-capture rows, fills substitution outcomes, and reruns buyer input, substitution-evidence, and proof validators."
accurate_prediction_scientific_proof,blocked_owner_or_external_evidence,owner_input,Make accurate/world-class prediction strategy factually defensible.,forecast_evaluation_execution_ready_for_owner_export_no_real_outcomes; repo surfaces=10/10; valid resolved forecasts=0; valid baselines=0; scoring_chain_ready=false; owner approvals=0/14.,"Owner supplies resolved forecast export and comparable baselines, then rerun leakage/scoring/science validators."
hosted_browser_runtime_proof,blocked_owner_or_external_evidence,repo_artifact,Use Browser/hosted runtime proof before hosted-live or buyer-facing runtime claims.,hosted_smoke_execution_blocked_project_privileges_owner_unblock_ready; owner_unblock_ready=true; hosted_smoke_execution_ready=false; hosted_proof_complete=false; local route proof=true; hosted proof entries=0; owner approvals=0/14.,Owner grants project access/deploy binding and then Browser/Playwright hosted smoke can run.
enterprise_public_sector_trust,blocked_owner_or_external_evidence,owner_input,"Support enterprise/public-sector sellability with trust, procurement, RLS, LLM security, and AI action controls.",enterprise_trust_execution_ready_for_owner_review_no_approved_docs; procurement docs=0/8; RLS rows=0/54; local LLM red-team=true; hosted access=false; owner approvals=0/14.,"Owner approves procurement documents and RLS/action-policy gates, then run hosted/RLS proof."
loopholes_and_fix_loop,proven_current,repo_artifact,"Find loopholes, suggest fixes, and keep looping.",4 primary blockers ranked; dimension statuses=market_thesis:niche_evidence_validated_pilot_only_not_buyer_proof; differentiated_workflow:pilot_offer_packaged_guided_pilot_wedge; repo_product_proof:local_route_proof_good_hosted_proof_absent; enterprise_security_trust:enterprise_trust_execution_ready_owner_docs_and_runtime_proof_missing; prediction_accuracy_proof:forecast_execution_ready_owner_export_missing_real_rows; buyer_validation:buyer_execution_ready_substitution_evidence_gate_no_real_calls; hosted_operational_proof:hosted_smoke_owner_unblock_ready_project_access_missing; owner approval register=owner_approval_register_ready_no_owner_approvals; approved=0/14; errors=0.,"Continue the loop in ranked order: prediction, buyer, enterprise, hosted."
claim_boundary_truthfulness,proven_current,repo_artifact,"Do not overclaim world-class, commercial-ready, hosted-live, enterprise-ready, or accurate predictions.",claim_consistency_validation_passed_pilot_only_boundaries; scanned=157; unsupported=0; confidence=53.7.,Rerun claim consistency after every generated artifact or market-language change.
requested_95_percent_confidence,blocked_owner_or_external_evidence,commercial_gate,Reach factual 95% confidence in the strategy and world-class prediction posture.,commercial_world_class_confidence_percent=53.7; target=95; decision=not_95_confident; launch_decision=pilot-only.,Do not mark the goal complete until real owner/buyer/hosted/prediction evidence closes the confidence gap.
